id,label,parent,label.en_US,label.de_CH,label.fr_FR,label.it_IT,enabled,type,attributes,attribute_as_label,attribute_as_image,attribute_requirements.ecommerce,Duplicate
,Thing,,Thing,Ding,Chose,Cosa,1,additinalTypes,,,,,
,AdministrativeArea,CivicStructure,Administrative area,Verwaltungsgebiet,Zone administrative,Area amministrativa,1,additinalTypes,,,,,
,AdministrativeCircle,AdministrativeArea,Administrative circle,Verwaltungskreis,Cercle administratif,Circolo amministrativo,1,additinalTypes,,,,,
,AdministrativeRegion,AdministrativeArea,Administrative Region,Verwaltungsregion,Région administrative,Regione amministrativa,1,additinalTypes,,,,,
,City,CivicStructure,City,Stadt,Ville,Città,1,additinalTypes,,,,,
,Country,CivicStructure,Country,Land,Pays,Paese,1,additinalTypes,,,,,
,CustomArea,AdministrativeArea,Customs Area,Zollgebiet,Zone douanière,Area doganale,1,additinalTypes,,,,,
,District,CivicStructure,District,Bezirk,Quartier,Quartiere,1,additinalTypes,,,,,
,MountainArea,CivicStructure,Mountain area,Bergregion,Zone montagneuse,Zona montuosa,1,additinalTypes,,,,,
,NatureReserve,CivicStructure,Nature reserve,Naturschutzgebiet,Réserve naturelle,Riserva naturale,1,additinalTypes,,,,,
,PostalArea,AdministrativeArea,Postal Area,Postleitzahlgebiet,Zone postale,Area postale,1,additinalTypes,,,,,
,ProtectedArea,CivicStructure,Protected area,Schutzgebiet,Zone protégée,Area protetta,1,additinalTypes,,,,,
,State,CivicStructure,State,Bundesland,État,Stato,1,additinalTypes,,,,,
,TourismArea,AdministrativeArea,Tourist Area,Tourismusgebiet,Zone touristique,Area turistica,1,additinalTypes,,,,,
,TourismCity,AdministrativeArea,Tourist Town,Tourismusstadt,Ville touristique,Città turistica,1,additinalTypes,,,,,
,CreativeWork,,Creative Work,Kreative Arbeit,Travail créatif,Lavoro creativo,1,additinalTypes,,,,,
,Article,CreativeWork,Article,Artikel,Article,Articolo,1,additinalTypes,,,,,
,MediaObject,CreativeWork,Media Object,Medienobjekt,Mediaobjet,Oggetto multimediale,1,additinalTypes,,,,,
,AudioObject,MediaObject,Audio Object,Audio-Objekt,Objet audio,Oggetto audio,1,additinalTypes,,,,,
,ImageObject,MediaObject,Image Object,Bild-Objekt,Image objet,Oggetto Immagine,1,additinalTypes,,,,,
,VideoObject,MediaObject,Video Object,Video-Objekt,Video objet,Oggetto video,1,additinalTypes,,,,,
,Event,,Event,Veranstaltung,Événement,Evento,1,additinalTypes,,,,,
,ArtsAndCraftsEvent,Event,Arts and Crafts Exhibition,Kunsthandwerksausstellung,Exposition d'art et d'artisanat,Esposizione di artigianato,1,additinalTypes,,,,,
,BusinessEvent,Event,Business Event,Geschäftsveranstaltung,Événement d'affaires,Evento aziendale,1,additinalTypes,,,,,
,CinemaScreening,Event,Cinema Screening,Kinovorführung,Projection de cinéma,Proiezione cinematografica,1,additinalTypes,,,,,
,ComedyEvent,Event,Comedy Event,Comedy-Veranstaltung,Événement humoristique,Evento comico,1,additinalTypes,,,,,
,CommunicationEvent,Event,Communication Event,Kommunikationsveranstaltung,Événement de communication,Evento di comunicazione,1,additinalTypes,,,,,
,Congress,Event,Congress,Kongress,Congrès,Congresso,1,additinalTypes,,,,,
,CourseInstance,Event,Course Instance,Kursinstanz,Instance de cours,Istanza del corso,1,additinalTypes,,,,,
,DanceEvent,Event,Dance Event,Tanzveranstaltung,Événement de danse,Evento di danza,1,additinalTypes,,,,,
,DeliveryEvent,Event,Delivery Event,Lieferereignis,Événement de livraison,Evento di consegna,1,additinalTypes,,,,,
,EducationEvent,Event,Educational Event,Bildungsveranstaltung,Événement éducatif,Evento educativo,1,additinalTypes,,,,,
,eSports,Event,eSports,eSports,eSports,eSports,1,additinalTypes,,,,,
,EventSeries,Event,Event Series,Veranstaltungsreihe,Série d'événements,Serie di eventi,1,additinalTypes,,,,,
,ExhibitionEvent,Event,Exhibition,Ausstellung,Exposition,Mostra,1,additinalTypes,,,,,
,Fair,Event,Fair,Messeveranstaltung,Événement de salon,Evento fieristico,1,additinalTypes,,,,,
,Festival,Event,Festival,Festival,Festival,Festival,1,additinalTypes,,,,,
,FoodEvent,Event,Culinary Event,Kulinarische Veranstaltung,Événement culinaire,Evento gastronomico,1,additinalTypes,,,,,
,GuidedTour,Event,Guided Tour,Führung,Visite guidée,Visita guidata,1,additinalTypes,,,,,
,Hackathon,Event,Hackathon,Hackathon,Hackathon,Hackathon,1,additinalTypes,,,,,
,HealthEvent,Event,Health Event,Gesundheitsveranstaltung,Événement de santé,Evento salute,1,additinalTypes,,,,,
,HistoryEvent,Event,Historical Event,Geschichtsveranstaltung,Événement historique,Evento storico,1,additinalTypes,,,,,
,HolidayCamp,Event,Holiday Camp,Ferienlager,Camp de vacances,Campeggio vacanze,1,additinalTypes,,,,,
,LiteraryEvent,Event,Literary Event,Literarische Veranstaltung,Événement littéraire,Evento letterario,1,additinalTypes,,,,,
,MunicipalityEvent,Event,Community Event,Gemeindeveranstaltung,Événement municipal,Evento comunale,1,additinalTypes,,,,,
,MuseumEvent,Event,Museum Event,Museumsveranstaltung,Événement au musée,Evento al museo,1,additinalTypes,,,,,
,MusicEvent,Event,Concert,Konzert,Concert,Concerto,1,additinalTypes,,,,,
,OpenAirEvent,Event,Open Air Event,Open-Air-Veranstaltung,Événement en plein air,Evento all'aperto,1,additinalTypes,,,,,
,PartyEvent,Event,Party,Party,Fête,Festa,1,additinalTypes,,,,,
,PoliticalEvent,Event,Political Event,Politische Veranstaltung,Événement politique,Evento politico,1,additinalTypes,,,,,
,PublicationEvent,Event,Publication Event,Veröffentlichungsveranstaltung,Événement de publication,Evento di pubblicazione,1,additinalTypes,,,,,
,SaleEvent,Event,Sales Event,Verkaufsveranstaltung,Événement de vente,Evento di vendita,1,additinalTypes,,,,,
,ScienceEvent,Event,Science Event,Forschungsveranstaltung,Événement de formation,Evento formativo,1,additinalTypes,,,,,
,ScreeningEvent,Event,Screening Event,Screening-Event,Événement de projection,Evento di proiezione,1,additinalTypes,,,,,
,SocialEvent,Event,Social Event,Soziale Veranstaltung,Événement social,Evento sociale,1,additinalTypes,,,,,
,SpiritualEvent,Event,Religious Event,Religiöse Veranstaltung,Événement religieux,Evento religioso,1,additinalTypes,,,,,
,SportsEvent,Event,Sporting Event,Sportveranstaltung,Événement sportif,Evento sportivo,1,additinalTypes,,,,,
,StreetMarketEvent,Event,Street Market,Strassenmarkt,Marché de rue,Mercato di strada,1,additinalTypes,,,,,
,TechnologicalEvent,Event,Technology Events,Technologieveranstaltung,Événement technologique,Evento tecnologico,1,additinalTypes,,,,,
,TheaterEvent,Event,Theatre Event,Theateraufführung,Représentation théâtrale,Evento teatrale,1,additinalTypes,,,,,
,TraditionalEvent,Event,Traditional Event,Traditionelle Veranstaltung,Événement traditionnel,Evento tradizionale,1,additinalTypes,,,,,
,VariousEvent,Event,Various Events,Verschiedene Veranstaltungen,Divers événements,Eventi vari,1,additinalTypes,,,,,
,VisualArtsEvent,Event,Visual Arts Event,Bildende Kunst Veranstaltung,Événement en arts visuels,Evento di Arti Visive,1,additinalTypes,,,,,
,Place,,Place,Ort,Endroit,Luogo,1,additinalTypes,,,,,
,Accommodation,Place,Accommodation,Unterkunft,Hébergement,Alloggio,1,additinalTypes,,,,,
,Apartment,Accommodation,Apartment,Wohnung,Appartement,Appartamento,1,additinalTypes,,,,,
,CampingPitch,Accommodation,Camping Pitch,Camping Platz,Emplacement de camping,Piazzola campeggio,1,additinalTypes,,,,,
,House,Accommodation,House,Haus,Maison,Casa,1,additinalTypes,,,,,
,Room,Accommodation,Room,Zimmer,Chambre,Stanza,1,additinalTypes,,,,,
,Dormitory,Accommodation,Dormitory,Mehrbettzimmer,Dortoir,Dormitorio,1,additinalTypes,,,,,
,HotelRoom,Accommodation,Hotel Room,Hotelzimmer,Chambre d'hôtel,Camera d'hotel,1,additinalTypes,,,,,
,DoubleRoom,Accommodation,Double room,Doppelzimmer,Chambre double,Camera doppia,1,additinalTypes,,,,,
,FamilyRoom,Accommodation,Family room,Familienzimmer,Chambre familiale,Camera familiare,1,additinalTypes,,,,,
,SingleRoom,Accommodation,Single room,Einzelzimmer,Chambre simple,Camera singola,1,additinalTypes,,,,,
,MeetingRoom,Accommodation,Meeting Room,Besprechungsraum,Salle de réunion,Sala riunioni,1,additinalTypes,,,,,
,Suite,Accommodation,Suite,Suite,Suite,Suite,1,additinalTypes,,,,,
,CivicStructure,Place,Public Facility,Öffentliche Anlage/Einrichtung,Établissement public,Struttura pubbliche,1,additinalTypes,,,,,
,Alp,CivicStructure,Alp,Alm,Alpage,Alpe,1,additinalTypes,,,,,
,NaturePark,CivicStructure,Nature park,Naturpark,Parc naturel,Parco naturale,1,additinalTypes,,,,,
,Airport,CivicStructure,Airport,Flughafen,Aéroport,Aeroporto,1,additinalTypes,,,,,
,AnimalPark,CivicStructure,Animal park,Tierpark,Parc animalier,Parco degli animali,1,additinalTypes,,,,,
,Aquarium,CivicStructure,Aquarium,Aquarium,Aquarium,Acquario,1,additinalTypes,,,,,
,ArtObject,CivicStructure,Art Object,Kunstobjekt,Objet d'art,Oggetto d'arte,1,additinalTypes,,,,,
,ATM,CivicStructure,ATM,Geldautomat,Distributeur automatique de billets,Bancomat,1,additinalTypes,,,,,
,BathingSpot,CivicStructure,Bathing Spot,Badestelle,Lieu de baignade,Luogo di balneazione,1,additinalTypes,,,,,
,Beach,CivicStructure,Beach,Strand,Plage,Spiaggia,1,additinalTypes,,,,,
,Biotope,CivicStructure,Biotope,Biotop,Biotope,Biotopo,1,additinalTypes,,,,,
,BoatTerminal,CivicStructure,Boat Terminal,Bootsterminal,Terminal de bateaux,Terminal dei battelli,1,additinalTypes,,,,,
,Bunker,CivicStructure,Bunker,Bunker,Bunker,Bunker,1,additinalTypes,,,,,
,BusStop,CivicStructure,Bus Stop,Bushaltestelle,Arrêt de bus,Fermata dell'autobus,1,additinalTypes,,,,,
,Cave,CivicStructure,Cave,Höhle,Grotte,Grotta,1,additinalTypes,,,,,
,Cemetery,CivicStructure,Cemetery,Friedhof,Cimetière,Cimitero,1,additinalTypes,,,,,
,CityHall,CivicStructure,Town Hall,Rathaus,Hôtel de ville,Municipio,1,additinalTypes,,,,,
,ClubHouse,CivicStructure,Club House,Vereinsheim,Club-house,Club house,1,additinalTypes,,,,,
,ConcertHall,CivicStructure,Concert Hall,Konzertsaal,Salle de concert,Sala concerti,1,additinalTypes,,,,,
,CongressCenter,LocalBusiness,Congress center,Kongresszentrum,Centre des congrès,Centro congressi,1,additinalTypes,,,,,
,Court,CivicStructure,Court,Gericht,Cour,Tribunale,1,additinalTypes,,,,,
,Crematorium,CivicStructure,Crematorium,Krematorium,Crématorium,Crematorio,1,additinalTypes,,,,,
,CulturalCentre,CivicStructure,Cultural Centre,Kulturzentrum,Centre culturel,Centro culturale,1,additinalTypes,,,,,
,DamOrWeir,CivicStructure,Dam,Damm,Barrage,Diga,1,additinalTypes,,,,,
,EducationalOrganization,CivicStructure,Educational Institution,Bildungseinrichtung,Organisation éducative,Organizzazione educativa,1,additinalTypes,,,,,
,EventVenue,CivicStructure,Event Venue,Veranstaltungsort,Lieu de l'événement,Location per eventi,1,additinalTypes,,,,,
,Farm,CivicStructure,Farm,Bauernhof,Ferme,Fattoria,1,additinalTypes,,,,,
,Ferry,CivicStructure,Ferry,Fähre,Bac,Traghetto,1,additinalTypes,,,,,
,Fireplace,CivicStructure,Fireplace,Feuerstelle,Cheminée,Camino,1,additinalTypes,,,,,
,FireStation,CivicStructure,Fire Station,Feuerwehrstation,Caserne de pompiers,Stazione dei pompieri,1,additinalTypes,,,,,
,FootBridge,CivicStructure,Foot bridge,Fussbrücke,Passerelle piétonne,Ponte pedonale,1,additinalTypes,,,,,
,Forest,CivicStructure,Forest,Wald,Forêt,Foresta,1,additinalTypes,,,,,
,Forsthaus,CivicStructure,Forester's Lodge,Forsthaus,Maison forestière,Casa forestale,1,additinalTypes,,,,,
,Gallery,CivicStructure,Gallery,Galerie,Galerie,Galleria,1,additinalTypes,,,,,
,Garden,CivicStructure,Garden,Garten,Jardin,Giardino,1,additinalTypes,,,,,
,GlacierGarden,CivicStructure,Glacier Garden,Gletschergarten,Jardin des glaciers,Giardino glaciale,1,additinalTypes,,,,,
,GovernmentBuilding,CivicStructure,Government Building,Regierungsgebäude,Édifice du gouvernement,Palazzo del governo,1,additinalTypes,,,,,
,Harbour,CivicStructure,Harbour,Hafen,Port,Porto,1,additinalTypes,,,,,
,HerbGarden,CivicStructure,Herb Garden,Kräutergarten,Jardin d'herbes,Giardino delle erbe,1,additinalTypes,,,,,
,Hospital,CivicStructure,Hospital,Spital,Hôpital,Ospedale,1,additinalTypes,,,,,
,InfoPoint,CivicStructure,Info Point,Infopunkt,Point d'information,Punto informativo,1,additinalTypes,,,,,
,InternetPoint,CivicStructure,Public Internet Access,Öffentlicher Internetzugang,Accès public à Internet,Accesso pubblico a Internet,1,additinalTypes,,,,,
,LandingStage,CivicStructure,Landing Stage,Steg,Appontement,Pontile,1,additinalTypes,,,,,
,Lighthouse,CivicStructure,Lighthouse,Leuchtturm,Phare,Faro,1,additinalTypes,,,,,
,Mansion,CivicStructure,Mansion,Villa,Villa,Villa,1,additinalTypes,,,,,
,Market,CivicStructure,Market,Markt,Marché,Mercato,1,additinalTypes,,,,,
,MeetingPoint,CivicStructure,Meeting Point,Treffpunkt,Point de rencontre,Punto d'incontro,1,additinalTypes,,,,,
,Military,CivicStructure,Military,Militär,Militaire,Militare,1,additinalTypes,,,,,
,Mill,CivicStructure,Mill,Mühle,Moulin,Mulino,1,additinalTypes,,,,,
,Mine,CivicStructure,Mine,Mine,Mine,Miniera,1,additinalTypes,,,,,
,MountainRescue,CivicStructure,Mountain Rescue,Bergrettung,Sauvetage en montagne,Soccorso alpino,1,additinalTypes,,,,,
,Museum,CivicStructure,Museum,Museum,Musée,Museo,1,additinalTypes,,,,,
,MusicVenue,CivicStructure,Music Venue,Musikstätte,Lieu de musique,Sala di musica,1,additinalTypes,,,,,
,Observatory,CivicStructure,Observatory,Observatorium,Observatoire,Osservatorio,1,additinalTypes,,,,,
,OperaHouse,CivicStructure,Opera House,Opernhaus,Opéra,Teatro dell'opera,1,additinalTypes,,,,,
,OutdoorStage,CivicStructure,Open Air Stage,Freilichtbühne,Scène en plein air,Palcoscenico all'aperto,1,additinalTypes,,,,,
,ParkingFacility,CivicStructure,Car Park,Parkplatz,Parking,Parcheggio,1,additinalTypes,,,,,
,Pavillon,CivicStructure,Pavilion,Pavillon,Pavillon,Padiglione,1,additinalTypes,,,,,
,PedestrianArea,CivicStructure,Pedestrian Area,Fussgängerzone,Zone piétonne,Zona pedonale,1,additinalTypes,,,,,
,PerformingArtsTheater,CivicStructure,Performing Arts Theatre,Theater für darstellende Künste,Théâtre des arts de la scène,Teatro delle Arti dello spettacolo,1,additinalTypes,,,,,
,PicnicArea,CivicStructure,Picnic Area,Picknickplatz,Aire de pique-nique,Area picnic,1,additinalTypes,,,,,
,PlaceOfWorship,CivicStructure,Place Of Worship,Gebetsstätte,Lieu de culte,Luogo di preghiera,1,additinalTypes,,,,,
,BuddhistTemple,CivicStructure,Buddhist Temple,Buddhistischer Tempel,Temple bouddhiste,Tempio buddista,1,additinalTypes,,,,,
,Chapel,CivicStructure,Chapel,Kapelle,Chapelle,Cappella,1,additinalTypes,,,,,
,Church,CivicStructure,Church,Kirche,Église,Chiesa,1,additinalTypes,,,,,
,CatholicChurch,CivicStructure,Catholic Church,Katholische Kirche,Église catholique,Chiesa cattolica,1,additinalTypes,,,,,
,HinduTemple,CivicStructure,Hindu Temple,Hindu-Tempel,Temple hindou,Tempio indù,1,additinalTypes,,,,,
,Monastery,CivicStructure,Monastery,Kloster,Monastère,Monastero,1,additinalTypes,,,,,
,Mosque,CivicStructure,Mosque,Moschee,Mosquée,Moschea,1,additinalTypes,,,,,
,Synagogue,CivicStructure,Synagogue,Synagoge,Synagogue,Sinagoga,1,additinalTypes,,,,,
,Playground,CivicStructure,Playground,Spielplatz,Aire de jeux,Parco giochi,1,additinalTypes,,,,,
,PoliceStation,CivicStructure,Police Station,Polizeistation,Commissariat de police,Commissariato,1,additinalTypes,,,,,
,PublicToilet,CivicStructure,Public Toilet,Öffentliche Toilette,Toilettes publiques,Servizi igienici pubblici,1,additinalTypes,,,,,
,RecyclingPoint,CivicStructure,Recycling Point,Recyclingstelle,Point de recyclage,Punto di riciclaggio,1,additinalTypes,,,,,
,RVPark,CivicStructure,Caravan Park,Wohnmobilstellplatz,Aire pour caravanes,Area camper,1,additinalTypes,,,,,
,SaltCave,CivicStructure,Salt Cave,Salzhöhle,Grotte de sel,Grotta di sale,1,additinalTypes,,,,,
,Sbahn,CivicStructure,S-Bahn,S Bahn,S-Bahn,S-Bahn,1,additinalTypes,,,,,
,Shelter,CivicStructure,Shelter,Schutz,Abri,Riparo,1,additinalTypes,,,,,
,Sluice,CivicStructure,Lock,Schleuse,Écluse,Chiusa,1,additinalTypes,,,,,
,Street,CivicStructure,Street,Strasse,Rue,Via,1,additinalTypes,,,,,
,TaxiStand,CivicStructure,Taxi Stand,Taxistand,Station de taxi,Posteggio dei taxi,1,additinalTypes,,,,,
,Theatre,CivicStructure,Theatre,Theater,Théâtre,Teatro,1,additinalTypes,,,,,
,TouristAttraction,CivicStructure,Tourist Attraction,Touristenattraktion,Attraction touristique,Attrazione turistica,1,additinalTypes,,,,,
,Bisse,CivicStructure,Bisse,Bisse,Bisse,Bisse,1,additinalTypes,,,,,
,Bridge,CivicStructure,Bridge,Brücke,Pont,Ponte,1,additinalTypes,,,,,
,Castle,CivicStructure,Castle,Schloss,Château,Castello,1,additinalTypes,,,,,
,Fortress,CivicStructure,Fortress,Festung,Forteresse,Fortezza,1,additinalTypes,,,,,
,Fountain,CivicStructure,Fountain,Brunnen,Fontaine,Fontana,1,additinalTypes,,,,,
,IndustrialMonument,CivicStructure,Industrial Monument,Industriedenkmal,Monument industriel,Monumento industriale,1,additinalTypes,,,,,
,Monument,CivicStructure,Monument,Denkmal,Monument,Monumento,1,additinalTypes,,,,,
,NaturalMonument,CivicStructure,Natural Monument,Naturdenkmal,Monument naturel,Monumento naturale,1,additinalTypes,,,,,
,ObservationTower,CivicStructure,Observation Tower,Aussichtsturm,Tour d'observation,Torre di osservazione,1,additinalTypes,,,,,
,Park,CivicStructure,Park,Park,Parc,Parco,1,additinalTypes,,,,,
,Ruin,CivicStructure,Ruin,Ruine,Ruine,Rovina,1,additinalTypes,,,,,
,Square,CivicStructure,Town Square,Dorfplatz,Place de village,Piazza,1,additinalTypes,,,,,
,StalactiteCave,CivicStructure,Stalactite Cave,Tropfsteinhöhle,Grotte de stalactites et stalagmites,Grotta con stalattiti e stalagmiti,1,additinalTypes,,,,,
,Viewpoint,CivicStructure,Viewpoint,Aussichtspunkt,Point de vue,Belvedere,1,additinalTypes,,,,,
,WaysideShrine,CivicStructure,Wayside Shrine,Bildstock,Calvaire,Edicola,1,additinalTypes,,,,,
,TransportationSystemStation,CivicStructure,Transportsystem station,Transportsystemstation,Station du système de transport,Stazione del sistema di trasporto,1,additinalTypes,,,,,
,BusStation,CivicStructure,Bus Station,Busbahnhof,Gare routière,Stazione degli autobus,1,additinalTypes,,,,,
,CableCarStation,CivicStructure,Cable Car Station,Seilbahnstation,Station de téléphérique,Stazione della funivia,1,additinalTypes,,,,,
,CogwheelTrainStation,CivicStructure,Rack Railway Station,Zahnradbahnstation,Gare de train à crémaillère,Stazione dei treni a cremagliera,1,additinalTypes,,,,,
,FunicularStation,CivicStructure,Funicular station,Seilbahnstation,Station du funiculaire,Stazione della funicolare,1,additinalTypes,,,,,
,SubwayStation,CivicStructure,Subway Station,U-Bahnstation,Station de métro,Stazione della metropolitana,1,additinalTypes,,,,,
,TrainStation,CivicStructure,Train Station,Bahnhof,Gare,Stazione ferroviaria,1,additinalTypes,,,,,
,TramStation,CivicStructure,Tram Stop,Tramhaltestelle,Arrêt de tramway,Fermata del tram,1,additinalTypes,,,,,
,Vineyard,CivicStructure,Vineyard,Weinberg,Vignoble,Vigneto,1,additinalTypes,,,,,
,VisitorCenter,CivicStructure,Visitor Centre,Besucherzentrum,Centre de visiteurs,Centro visitatori,1,additinalTypes,,,,,
,WaysideCross,CivicStructure,Wayside Cross,Wegkreuz,Croix de chemin,Croce stradale,1,additinalTypes,,,,,
,Zoo,CivicStructure,Zoo,Zoo,Zoo,Zoo,1,additinalTypes,,,,,
,TransportationSystem,CivicStructure,Transportation system,Transportsystem,Système de transport,Sistema di trasporto,1,additinalTypes,,,,,
,SkiLift,TransportationSystem,Ski Lift,Skilift,Téléski,Impianto di risalita,1,additinalTypes,,,,,
,ButtonLift,TransportationSystem,Button lift,Button Lift,Button lift,Button lift,1,additinalTypes,,,,,
,CableCar,TransportationSystem,Cable car,Seilbahn,Téléphérique,Funivia,1,additinalTypes,,,,,
,ChairLift,TransportationSystem,Chair lift,Sessellift,Télésiège,Seggiovia,1,additinalTypes,,,,,
,Funicular,TransportationSystem,Funicular,Standseilbahn,Funiculaire,Funicolare,1,additinalTypes,,,,,
,MagicCarpet,TransportationSystem,Magic carpet,Förderband,Tapis roulant,Nastro trasportatore,1,additinalTypes,,,,,
,PracticeLift,TransportationSystem,Practice lift,Übungslift,Practice lift,Practice lift,1,additinalTypes,,,,,
,RackRailway,TransportationSystem,Rack Railway,Zahnradbahn,Chemin de fer à crémaillère,Ferrovia a cremagliera,1,additinalTypes,,,,,
,RopeTow,TransportationSystem,Rope tow,Schleppseil,Corde de remorquage,Fune da traino,1,additinalTypes,,,,,
,TBarLift,TransportationSystem,Drag Lift,Schlepplift,Remonte-pente,Sollevatore con barra a T,1,additinalTypes,,,,,
,Condition,Place,Condition,Bedingung,Condition,Condizione,1,additinalTypes,,,,,
,Closure,Condition,Closure,Schliessung,Fermeture,Chiusura,1,additinalTypes,,,,,
,CurrentCondition,Condition,Current Condition,Derzeitige Zustand,État actuel,Condizioni attuali,1,additinalTypes,,,,,
,Notice,Condition,Notice,Notiz,Remarquer,Avviso,1,additinalTypes,,,,,
,LocalBusiness,Place,Leisure/Service,Freizeit/Dienstleistung,Loisirs/services,Tempo libero/servizio,1,additinalTypes,,,,,
,FoodEstablishment,LocalBusiness,Gastronomy,Gastronomie,Gastronomie,Gastronomia,1,additinalTypes,,,,,
,Bakery,FoodEstablishment,Bakery,Bäckerei,Boulangerie,Panetteria,1,additinalTypes,,,,,
,BarOrPub,FoodEstablishment,Bar,Bar,Bar,Bar,1,additinalTypes,,,,,
,BeerGarden,FoodEstablishment,Beer Garden,Biergarten,Brasserie en plein air,Birreria all'aperto,1,additinalTypes,,,,,
,Bistro,FoodEstablishment,Bistro,Bistro,Bistro,Bistro,1,additinalTypes,,,,,
,Brewery,FoodEstablishment,Brewery,Brauerei,Brasserie,Birrificio,1,additinalTypes,,,,,
,CafeOrCoffeeShop,FoodEstablishment,Coffee Shop,Café,Café,Caffetteria,1,additinalTypes,,,,,
,Confectionery,FoodEstablishment,Patisserie,Konditorei,Pâtisserie,Confetteria,1,additinalTypes,,,,,
,Dairy,FoodEstablishment,Dairy,Molkerei,Laiterie,Caseificio,1,additinalTypes,,,,,
,Distillery,FoodEstablishment,Distillery,Brennerei,Distillerie,Distilleria,1,additinalTypes,,,,,
,FastFoodRestaurant,FoodEstablishment,Fast Food Restaurant,Fast-Food-Restaurant,Fast food,Ristorante fast food,1,additinalTypes,,,,,
,Grotto,FoodEstablishment,Grotto,Grotto,Grotte,Grotta,1,additinalTypes,,,,,
,IceCreamShop,FoodEstablishment,Ice Cream Shop,Eisdiele,Magasin de crème glacée,Gelateria,1,additinalTypes,,,,,
,Imbiss,FoodEstablishment,Snack Stand,Imbissstand,Stand de restauration rapide,Chiosco di street food,1,additinalTypes,,,,,
,MountainRestaurant,FoodEstablishment,Mountain Restaurant,Bergrestaurant,Restaurant de montagne,Ristorante di montagna,1,additinalTypes,,,,,
,Pizzeria,FoodEstablishment,Pizzeria,Pizzeria,Pizzeria,Pizzeria,1,additinalTypes,,,,,
,Restaurant,FoodEstablishment,Restaurant,Restaurant,Restaurant,Ristorante,1,additinalTypes,,,,,
,TakeAway,FoodEstablishment,Takeaway,Take-away,À emporter,Takeaway,1,additinalTypes,,,,,
,Vinotheque,FoodEstablishment,Wine Store,Vinothek,Vinothèque,Enoteca,1,additinalTypes,,,,,
,Winery,FoodEstablishment,Winery,Weingut,Établissement vinicole,Cantina,1,additinalTypes,,,,,
,AnimalShelter,LocalBusiness,Animal Shelter,Tierheim,Refuge pour animaux,Rifugio per animali,1,additinalTypes,,,,,
,AutomotiveBusiness,LocalBusiness,Automotive business,Automobilgeschäft,Entreprise automobile,Affari automobilistici,1,additinalTypes,,,,,
,AutoDealer,LocalBusiness,Auto Dealer,Autohändler,Concessionnaire automobile,Concessionario auto,1,additinalTypes,,,,,
,AutoRental,LocalBusiness,Car Rental,Autovermietung,Location de voitures,Noleggio auto,1,additinalTypes,,,,,
,AutoRepair,LocalBusiness,Auto Repair,Autoreparatur,Réparation automobile,Riparazione auto,1,additinalTypes,,,,,
,GasStation,LocalBusiness,Fuel Station,Tankstelle,Station-service,Benzinaio,1,additinalTypes,,,,,
,MotorcycleDealer,LocalBusiness,Motorcycle Dealer,Motorradhändler,Concessionnaire de motos,Concessionario moto,1,additinalTypes,,,,,
,MotorcycleRepair,LocalBusiness,Motorcycle Repair,Motorrad Reparatur,Réparation de moto,Riparazione Moto,1,additinalTypes,,,,,
,BikeSchool,LocalBusiness,Bike School,Bikeschule,École de vélo,Scuola di bici,1,additinalTypes,,,,,
,ChildCare,LocalBusiness,Childcare,Kinderbetreuung,Garde d'enfants,Servizio per l'infanzia,1,additinalTypes,,,,,
,Circus,LocalBusiness,Circus,Zirkus,Cirque,Circo,1,additinalTypes,,,,,
,Corporation,LocalBusiness,Corporation,Unternehmen,Société,Società,1,additinalTypes,,,,,
,HotelGroup,LocalBusiness,Hotel group,Hotelkette,Groupe hôtelier,Gruppo alberghiero,1,additinalTypes,,,,,
,CourseOrganizer,LocalBusiness,Course Organiser,Kursveranstalter,Organisateur de cours,Organizzatore del corso,1,additinalTypes,,,,,
,DryCleaningOrLaundry,LocalBusiness,Dry Cleaning,Chemische Reinigung,Nettoyage à sec,Lavaggio a secco,1,additinalTypes,,,,,
,EChargingStation,LocalBusiness,E-charging station,E-Ladestation,Station de recharge électrique,Stazione di ricarica elettrica,1,additinalTypes,,,,,
,EBikeChargingStation,LocalBusiness,E-bike charging station,E-bike Ladestation,Station de recharge pour vélos électriques,Stazione di ricarica per biciclette elettriche,1,additinalTypes,,,,,
,ECarChargingStation,LocalBusiness,E-car charging station,E-auto Ladestation,Station de recharge pour voitures électriques,Stazione di ricarica per auto elettriche,1,additinalTypes,,,,,
,EmergencyService,LocalBusiness,Emergency Service,Notdienst,Service d’urgence,Servizio di emergenza,1,additinalTypes,,,,,
,EmploymentAgency,LocalBusiness,Employment Agency,Arbeitsvermittlung,Agence de placement,Servizio di collocamento,1,additinalTypes,,,,,
,EntertainmentBusiness,LocalBusiness,Various Providers,Diverse Anbieter,Prestataire divers,Diversi fornitori,1,additinalTypes,,,,,
,AdultEntertainment,LocalBusiness,Adult Entertainment,Unterhaltung für Erwachsene,Divertissement pour adultes,Intrattenimento per adulti,1,additinalTypes,,,,,
,AmusementPark,LocalBusiness,Amusement Park,Freizeitpark,Parc d'attraction,Parco divertimenti,1,additinalTypes,,,,,
,ArtGallery,LocalBusiness,Art Gallery,Kunstgalerie,Galerie d'art,Galleria d'arte,1,additinalTypes,,,,,
,Casino,LocalBusiness,Casino,Casino,Casino,Casinò,1,additinalTypes,,,,,
,Cinema,LocalBusiness,Cinema,Kino,Cinéma,Cinema,1,additinalTypes,,,,,
,ComedyClub,LocalBusiness,Comedy Club,Comedy-Club,Club de comédie,Comedy club,1,additinalTypes,,,,,
,DancePlace,LocalBusiness,Dance Place,Tanzplatz,Lieu de danse,Luogo di danza,1,additinalTypes,,,,,
,EscapeRoom,LocalBusiness,Escape Room,Escape Room,Escape Room,Escape Room,1,additinalTypes,,,,,
,NightClub,LocalBusiness,Night Club,Nachtclub,Boîte de nuit,Discoteca,1,additinalTypes,,,,,
,FinancialService,LocalBusiness,Financial Service,Finanzdienstleistung,Services financiers,Servizi finanziari,1,additinalTypes,,,,,
,GovernmentOffice,LocalBusiness,Local Authority,Gemeindeverwaltung,Bureau du gouvernement,Ufficio governativo,1,additinalTypes,,,,,
,PostOffice,LocalBusiness,Post Office,Postfiliale,Bureau de poste,Ufficio postale,1,additinalTypes,,,,,
,HealthAndBeautyBusiness,LocalBusiness,Wellness and Beauty Salon,Wellness- und Kosmetiksalon,Salon de bien-être et de beauté,Salone di bellezza e benessere,1,additinalTypes,,,,,
,DaySpa,LocalBusiness,Day Spa,Spa,Spa,Spa,1,additinalTypes,,,,,
,HairSalon,LocalBusiness,Hair Salon,Coiffeur,Coiffeur,Parrucchiere,1,additinalTypes,,,,,
,HealthClub,LocalBusiness,Health Club,Gesundheitsclub,Club de santé,Centro benessere,1,additinalTypes,,,,,
,NailSalon,LocalBusiness,NailSalon,Nagelstudio,NailSalon,NailSalon,1,additinalTypes,,,,,
,Solarium,LocalBusiness,Solarium,Solarium,Solarium,Solarium,1,additinalTypes,,,,,
,HomeAndConstructionBusiness,LocalBusiness,Craft business,Handwerksbetrieb,Entreprise artisanale,Impresa artigianale,1,additinalTypes,,,,,
,LegalService,LocalBusiness,Legal Service,Juristische Dienstleistung,Service juridique,Servizio giuridico,1,additinalTypes,,,,,
,Library,LocalBusiness,Library,Bibliothek,Bibliothèque,Biblioteca,1,additinalTypes,,,,,
,MedicalBusiness,LocalBusiness,Medical Facility,Medizinische Einrichtung,Institution médicale,Struttura medica,1,additinalTypes,,,,,
,Dentist,LocalBusiness,Dentist,Zahnarzt,Dentiste,Dentista,1,additinalTypes,,,,,
,Doctor,LocalBusiness,Doctor,Arzt,Médecin,Dottore,1,additinalTypes,,,,,
,MedicalClinic,LocalBusiness,Hospital,Krankenhaus,Hôpital,Clinica medica,1,additinalTypes,,,,,
,Pharmacy,LocalBusiness,Pharmacy,Apotheke,Pharmacie,Farmacia,1,additinalTypes,,,,,
,MountainSchool,LocalBusiness,Mountain School,Bergschule,École de montagne,Scuola di montagna,1,additinalTypes,,,,,
,ProfessionalService,LocalBusiness,Professional Service,Professioneller Service,Service professionnel,Servizio professionale,1,additinalTypes,,,,,
,Railway,LocalBusiness,Railway,Eisenbahn,Chemin de fer,Ferrovia,1,additinalTypes,,,,,
,RetirementAndNursingHome,LocalBusiness,Retirement and Nursing Home,Alters- und Pflegeheim,Maison de retraite et de soins infirmiers,Casa di riposo e di cura,1,additinalTypes,,,,,
,Sauna,LocalBusiness,Sauna,Sauna,Sauna,Sauna,1,additinalTypes,,,,,
,ShoppingCenter,LocalBusiness,Shopping Center,Einkaufszentrum,Centre commercial,Centro commerciale,1,additinalTypes,,,,,
,SkiSchool,LocalBusiness,Ski School,Skischule,École de ski,Scuola sci,1,additinalTypes,,,,,
,SportsActivityLocation,LocalBusiness,Sports Facility,Sportanlage,Installation sportive,Impianto sportivo,1,additinalTypes,,,,,
,AdventurePoolOrAquaPark,LocalBusiness,Aqua Park,Wasserpark,Parc aquatique,Parco acquatico,1,additinalTypes,,,,,
,BikePark,LocalBusiness,Bike Park,Bikepark,Parc à vélos,Parco biciclette,1,additinalTypes,,,,,
,Billard,LocalBusiness,Billards,Billard,Billard,Billardo,1,additinalTypes,,,,,
,BMXFacility,LocalBusiness,BMX-Facility,BMX-Anlage,Installation de BMX,Struttura per BMX,1,additinalTypes,,,,,
,BocciaField,LocalBusiness,Boccia Court,Boccia-Feld,Terrain de boccia,Campo di bocce,1,additinalTypes,,,,,
,BowlingAlley,LocalBusiness,Bowling Alley,Bowling,Bowling,Bowling,1,additinalTypes,,,,,
,BungeejumpingPlace,LocalBusiness,Bungee-jumping Place,Bungee-Jumping-Platz,Lieu de saut à l`élastique,Luogo di bungee jumping,1,additinalTypes,,,,,
,ClimbingGarden,LocalBusiness,Climbing Garden,Klettergarten,Jardin d'escalade,Giardino di arrampicata,1,additinalTypes,,,,,
,ClimbingHall,LocalBusiness,Climbing Hall,Kletterhalle,Salle d'escalade,Sala arrampicata,1,additinalTypes,,,,,
,CrosscountryCenter,LocalBusiness,Cross-country Ski Centre,Langlaufzentrum,Centre de ski de fond,Centro sci di fondo,1,additinalTypes,,,,,
,ExerciseGym,LocalBusiness,Gym,Fitnessstudio,Salle de fitness,Palestra,1,additinalTypes,,,,,
,FitnessParkour,LocalBusiness,Fitness Parkour,Fitness-Parkour,Parcours de fitness,Percorso fitness,1,additinalTypes,,,,,
,FlightSchool,LocalBusiness,Flight School,Flugschule,École d'aviation,Scuola di volo,1,additinalTypes,,,,,
,GoKartTrack,LocalBusiness,Kart Track,Kartbahn,Piste de karting,Pista di kart,1,additinalTypes,,,,,
,GolfCourse,LocalBusiness,Golf Course,Golfplatz,Terrain de golf,Campo da golf,1,additinalTypes,,,,,
,HighRopesCourse,LocalBusiness,Highropes Course,Hochseilgarten,Parcours d'accrobranche,percorso ad alta fune,1,additinalTypes,,,,,
,IceField,LocalBusiness,Ice Rink,Eisfeld,Patinoire,Pista di pattinaggio sul ghiaccio,1,additinalTypes,,,,,
,MinigolfCourse,LocalBusiness,Miniature Golf Course,Minigolfanlage,Parcours de minigolf,Campo da minigolf,1,additinalTypes,,,,,
,ParaglidingSite,LocalBusiness,Paragliding Site,Gleitschirmflugplatz,Terrain de parapente,Campo di parapendio,1,additinalTypes,,,,,
,PublicSwimmingPool,LocalBusiness,Outdoor Pool,Freibad,Piscine publique,Piscina pubblica,1,additinalTypes,,,,,
,IndoorPool,LocalBusiness,Indoor Swimming Pool,Hallenbad,Piscine couverte,Piscina coperta,1,additinalTypes,,,,,
,OutdoorPool,LocalBusiness,Outdoor Pool,Aussenpool,Piscine extérieure,Piscina all'aperto,1,additinalTypes,,,,,
,PumpTrack,LocalBusiness,Pump Track,Pumptrack,Pumptrack,Pumptrack,1,additinalTypes,,,,,
,Ropepark,LocalBusiness,Rope park,Seilpark,Parc accrobranche,Parco avventura,1,additinalTypes,,,,,
,SkatingRink,LocalBusiness,Skating Rink,Eisbahn,Patinoire,Pista di pattinaggio,1,additinalTypes,,,,,
,SkiJumpPlace,LocalBusiness,Ski Jump Place,Skischanzenplatz,Place de saut à ski,Posto per il salto con gli sci,1,additinalTypes,,,,,
,SnowPark,LocalBusiness,Snow Park,Schneepark,Parc à neige,Parco neve,1,additinalTypes,,,,,
,SportHall,LocalBusiness,Sport Hall,Sporthalle,Salle de sport,Palazzetto dello sport,1,additinalTypes,,,,,
,SportsClub,LocalBusiness,Sports Club,Sportclub,Club sportif,Club sportivo,1,additinalTypes,,,,,
,StadiumOrArena,LocalBusiness,Stadium/Arena,Stadion/Arena,Stade/arène,Stadio/arena,1,additinalTypes,,,,,
,SummerTobogganTrack,LocalBusiness,Summer Toboggan Track,Sommerrodelbahn,Piste de luge d'été,Pista estiva per slittini,1,additinalTypes,,,,,
,TennisComplex,LocalBusiness,Tennis Facility,Tennisanlage,Centre de tennis,Impianto di tennis,1,additinalTypes,,,,,
,VolleyballPlace,LocalBusiness,Volleyball Field,Volleyballfeld,Terrain de volley-ball,Campo da pallavolo,1,additinalTypes,,,,,
,WinterTobogganTrack,LocalBusiness,Winter Toboggan Track,Winterrodelbahn,Piste de luge d'hiver,Pista invernale per slittini,1,additinalTypes,,,,,
,YachtClub,LocalBusiness,Yacht Club,Jachtclub,Club nautique,Yatch club,1,additinalTypes,,,,,
,Store,LocalBusiness,Store,Geschäft,Boutique,Negozio,1,additinalTypes,,,,,
,AutoPartsStore,LocalBusiness,Auto Parts Store,Autoteile-Shop,Magasin de pièces automobiles,Negozio ricambi auto,1,additinalTypes,,,,,
,BikeRental,LocalBusiness,Bike Rental,Fahrradverleih,Location de vélos,Noleggio biciclette,1,additinalTypes,,,,,
,BikeService,LocalBusiness,Bike Service,Fahrradservice,Service de vélos,Servizio di assistenza per biciclette,1,additinalTypes,,,,,
,BikeStore,LocalBusiness,Bike Store,Bike-Shop,Magasin de vélos,Negozio di biciclette,1,additinalTypes,,,,,
,BookStore,LocalBusiness,Book Store,Buchhandlung,Librairie,Negozio di libri,1,additinalTypes,,,,,
,ButcherShop,LocalBusiness,Butcher Shop,Metzgerei,Boucherie,Macelleria,1,additinalTypes,,,,,
,ClothingStore,LocalBusiness,Clothing Store,Bekleidungsgeschäft,Magasin de vêtements,Negozio di abbigliamento,1,additinalTypes,,,,,
,ComputerStore,LocalBusiness,Computer Store,Computergeschäft,Magasin d'informatique,Negozio di computer,1,additinalTypes,,,,,
,ConvenienceStore,LocalBusiness,Convenience Store,Gemischtwarenladen,Épicerie,Minimarket,1,additinalTypes,,,,,
,DepartmentStore,LocalBusiness,Department Store,Warenhaus,Grand magasin,Grande magazzino,1,additinalTypes,,,,,
,EBikeService,LocalBusiness,E-Bike Service,E-Bike-Service,Service pour vélos électriques,Servizio e-bike,1,additinalTypes,,,,,
,ElectronicsStore,LocalBusiness,Electronics Store,Elektrofachgeschäft,Magasin d'électronique,Negozio di elettronica,1,additinalTypes,,,,,
,FarmShop,LocalBusiness,Farm Shop,Hofladen,Boutique à la ferme,Spaccio aziendale,1,additinalTypes,,,,,
,Florist,LocalBusiness,Florist,Florist,Fleuriste,Fiorista,1,additinalTypes,,,,,
,FurnitureStore,LocalBusiness,Furniture Store,Möbelgeschäft,Magasin de meubles,Negozio di mobili,1,additinalTypes,,,,,
,GardenStore,LocalBusiness,Garden Store,Gartengeschäft,Magasin de jardinage,Negozio di giardinaggio,1,additinalTypes,,,,,
,GroceryStore,LocalBusiness,Grocery Store,Supermarkt,Supermarché,Supermercato,1,additinalTypes,,,,,
,HardwareStore,LocalBusiness,Hardware Store,Baumarkt,Magasin de bricolage,Negozio di bricolage,1,additinalTypes,,,,,
,HobbyShop,LocalBusiness,Hobby Shop,Hobbyladen,Boutique de loisirs,Negozio di hobby,1,additinalTypes,,,,,
,HomeGoodsStore,LocalBusiness,Home Goods Store,Haushaltswarenladen,Magasin d'articles ménagers,Negozio di casalinghi,1,additinalTypes,,,,,
,ITFirm,LocalBusiness,IT Firm,IT-Firma,Entreprise informatique,Azienda IT,1,additinalTypes,,,,,
,JewelryStore,LocalBusiness,Jeweller,Juwelier,Bijouterie,Gioielleria,1,additinalTypes,,,,,
,Kiosk,LocalBusiness,Kiosk,Kiosk,Kiosque,Chiosco,1,additinalTypes,,,,,
,LiquorStore,LocalBusiness,Liquor Store,Spirituosengeschäft,Magasin d’alcool,Negozio di liquori,1,additinalTypes,,,,,
,MensClothingStore,LocalBusiness,Men's Clothing Store,Bekleidungsgeschäft für Herren,Magasin de vêtements pour hommes,Negozio di abbigliamento maschile,1,additinalTypes,,,,,
,MobilePhoneStore,LocalBusiness,Mobile Phone Store,Mobiltelefongeschäft,Magasin de téléphonie mobile,Negozio di telefoni cellulari,1,additinalTypes,,,,,
,MovieRentalStore,LocalBusiness,Movie Rental Store,Filmverleih,Magasin de location de films,Negozio di noleggio film,1,additinalTypes,,,,,
,MusicStore,LocalBusiness,Music Store,Musikgeschäft,Magasin de musique,Negozio di musica,1,additinalTypes,,,,,
,OfficeEquipmentStore,LocalBusiness,Stationery Store,Papeterie,Papeterie,Cartoleria,1,additinalTypes,,,,,
,Opticians,LocalBusiness,Opticians,Optiker,Opticien,Ottico,1,additinalTypes,,,,,
,OutletStore,LocalBusiness,Outlet Store,Outlet,Magasin d'usine,Negozio outlet,1,additinalTypes,,,,,
,Perfumery,LocalBusiness,Perfumery,Parfümerie,Parfumerie,Profumeria,1,additinalTypes,,,,,
,Smith,LocalBusiness,Smith,Schmied,Forgeronne,Fabbro,1,additinalTypes,,,,,
,SnowsportRental,LocalBusiness,Snowsport Rental,Schneesportverleih,Location de sports de neige,Noleggio sport sulla neve,1,additinalTypes,,,,,
,SportingGoodsStore,LocalBusiness,Sports Shop,Sportgeschäft,Magasin de sport,Negozio di sport,1,additinalTypes,,,,,
,TobaccoShop,LocalBusiness,Tobacco Shop,Tabak Laden,Boutique de tabac,Tabaccheria,1,additinalTypes,,,,,
,WatersportRental,LocalBusiness,Watersport Rental,Wassersportverleih,Location de sports nautiques,Noleggio di sport acquatici,1,additinalTypes,,,,,
,WholesaleStore,LocalBusiness,Wholesale Store,Grosshandelsgeschäft,Magasin de gros,Negozio all'ingrosso,1,additinalTypes,,,,,
,ThermalSpa,LocalBusiness,Thermal Spa,Therme,Thermes,Terme,1,additinalTypes,,,,,
,TouristInformationCenter,LocalBusiness,Tourist Information Center,Gäste-Informationsstelle,Centre d'informations touristiques,Centro informazioni turistiche,1,additinalTypes,,,,,
,TravelAgency,LocalBusiness,Travel Agency,Reisebüro,Agence de voyages,Ufficio viaggi,1,additinalTypes,,,,,
,YouthClub,LocalBusiness,Youth Club,Jugendtreff,Club de jeunesse,Circolo giovanile,1,additinalTypes,,,,,
,LodgingBusiness,LocalBusiness,Accommodation Establishment,Beherbergungsbetrieb,Service d'hébergement,Attività ricettiva,1,additinalTypes,,,,,
,Agrotourism,LodgingBusiness,Agrotourism,Agrotourismus,Agrotourisme,Agriturismo,1,additinalTypes,,,,,
,BedAndBreakfast,LodgingBusiness,Bed and Breakfast,Bed and Breakfast,Chambre d'hôtes,Bed and breakfast,1,additinalTypes,,,,,
,Campground,LodgingBusiness,Camping Ground,Campingplatz,Camping,Campeggio,1,additinalTypes,,,,,
,FarmLodging,LodgingBusiness,Farm Accommodation,Unterkunft auf dem Bauernhof,Hébergement à la ferme,Alloggio in fattoria,1,additinalTypes,,,,,
,GroupAccommodation,LodgingBusiness,Group Accommodation,Gruppenunterkunft,Hébergement de groupe,Alloggio per gruppi,1,additinalTypes,,,,,
,GuestHouse,LodgingBusiness,Guest House,Gasthaus,Maison d'hôtes,Affittacamere,1,additinalTypes,,,,,
,HolidayApartment,LodgingBusiness,Holiday Apartment,Ferienwohnung,Appartement de vacances,Appartamento vacanze,1,additinalTypes,,,,,
,HolidayHouse,LodgingBusiness,Holiday House,Ferienhaus,Maison de vacances,Casa vacanze,1,additinalTypes,,,,,
,Hostel,LodgingBusiness,Hostel,Herberge,Auberge,Ostello,1,additinalTypes,,,,,
,Hotel,LodgingBusiness,Hotel,Hotel,Hôtel,Albergo,1,additinalTypes,,,,,
,IglooVillage,LodgingBusiness,Igloo Village,Iglu-Dorf,Village d'igloos,Villaggio di igloo,1,additinalTypes,,,,,
,Motel,LodgingBusiness,Motel,Motel,Motel,Motel,1,additinalTypes,,,,,
,Mountainhut,LodgingBusiness,Mountain Hut,Berghütte,Refuge de montagne,Rifugio di montagna,1,additinalTypes,,,,,
,ManagedHut,LodgingBusiness,Catered Hut,Bewirtschaftete Hütte,Auberge de montagne,Rifugio gestito,1,additinalTypes,,,,,
,RescueHut,LodgingBusiness,Rescue Hut,Rettungshütte,Cabane de sauvetage,Capanna di salvataggio,1,additinalTypes,,,,,
,SelfCateredHut,LodgingBusiness,Self-catering Hut,Selbstversorgerhütte,Cabane en autonomie,Rifugio con uso cucina,1,additinalTypes,,,,,
,Pension,LodgingBusiness,Guesthouse,Pension,Pension,Pensione,1,additinalTypes,,,,,
,Pitch,LodgingBusiness,Pitch,Stellplatz,Place de parking,Parcheggio,1,additinalTypes,,,,,
,PrivateRoom,LodgingBusiness,Guest Room,Gästezimmer,Chambre,Camera per gli ospiti,1,additinalTypes,,,,,
,Resort,LodgingBusiness,Resort,Resort,Complexe touristique,Resort,1,additinalTypes,,,,,
,SkiResort,LocalBusiness,Ski Resort,Skigebiet,Station de ski,Area sciistica,1,additinalTypes,,,,,
,ArchaeologicalSite,Place,Archaeological Site,Archäologische Fundstätte,Site archéologique,Sito archeologico,1,additinalTypes,,,,,
,Fauna,Place,Fauna,Fauna,Faune,Fauna,1,additinalTypes,,,,,
,Flora,Place,Flora,Flora,Flore,Flora,1,additinalTypes,,,,,
,HistoricSite,Place,Historical Site,Historische Stätte,Site historique,Sito storico,1,additinalTypes,,,,,
,Landform,Place,Landscape,Landschaft,Paysage,Paesaggio,1,additinalTypes,,,,,
,AlpsPass,Place,Alpine Pass,Alpenpass,Col des alpes,Passo alpino,1,additinalTypes,,,,,
,BodyOfWater,Place,Body of water,Gewässer,Plan d’eau,Specchio d'acqua,1,additinalTypes,,,,,
,Canal,Place,Canal,Kanal,Canal,Canale,1,additinalTypes,,,,,
,LakeBodyOfWater,Place,Lake,See,Lac,Lago,1,additinalTypes,,,,,
,Moor,Place,Moor,Moor,Marais,Torbiera,1,additinalTypes,,,,,
,OceanBodyOfWater,Place,Ocean,Ozean,Océan,Oceano,1,additinalTypes,,,,,
,Pond,Place,Pond,Teich,Étang,Stagno,1,additinalTypes,,,,,
,Reservoir,Place,Reservoir,Reservoir,Réservoir,Serbatoio,1,additinalTypes,,,,,
,RiverBodyOfWater,Place,River,Fluss,Cours d'eau,Fiume,1,additinalTypes,,,,,
,SeaBodyOfWater,Place,Sea,Meer,Mer,Mare,1,additinalTypes,,,,,
,Spring,Place,Spring,Frühling,Source,Primavera,1,additinalTypes,,,,,
,Waterfall,Place,Waterfall,Wasserfall,Cascade,Cascata,1,additinalTypes,,,,,
,Canyon,Place,Canyon,Schlucht,Gorge,Gola,1,additinalTypes,,,,,
,Continent,Place,Continent,Kontinent,Continent,Continente,1,additinalTypes,,,,,
,Island,Place,Island,Insel,Île,Isola,1,additinalTypes,,,,,
,Mountain,Place,Mountain,Berg,Montagne,Montagna,1,additinalTypes,,,,,
,MountainPeak,Place,Mountain Summit,Berggipfel,Sommet de montagne,Cima di montagna,1,additinalTypes,,,,,
,Volcano,Place,Volcano,Vulkan,Volcan,Vulcano,1,additinalTypes,,,,,
,LandmarkOrHistoricalBuilding,Place,Attraction,Sehenswürdigkeit,Site touristique,Luogo di interesse,1,additinalTypes,,,,,
,TownScape,Place,town scape,OrtsBild,paysage urbain,paesaggio urbano,1,additinalTypes,,,,,
,Tour,Place,Tour,Tour,Tour,Tour,1,additinalTypes,,,,,
,Longdistance,Tour,Long-distance Tour,Langstreckentour,Tour longue distance,Tour a lunga distanza,1,additinalTypes,,,,,
,Route,Tour,Route,Route,Route,Percorso,1,additinalTypes,,,,,
,GlacierTour,Tour,Glacier Tour,Gletschertour,Excursion sur glacier,Escursione sul ghiacciaio,1,additinalTypes,,,,,
,HighTour,Tour,Alpine Tour,Hochtour,Tour en haute montagne,Tour alpino,1,additinalTypes,,,,,
,MotorisedTours,Tour,Motorised Tour,Motorisierte Tour,Circuit motorisés,Tour motorizzato,1,additinalTypes,,,,,
,BusTour,Tour,Bus Tour,Bus-Tour,Tour en bus,Tour in autobus,1,additinalTypes,,,,,
,CarTour,Tour,Car Tour,Autotour,Tour en voiture,Tour in auto,1,additinalTypes,,,,,
,MotorTour,Tour,E-Mountain Bike Tour,E-Mountainbike-Tour,Tour en VTT électrique,Tour in e-mountain bike,1,additinalTypes,,,,,
,QuadTour,Tour,Quad Tour,Quad-Tour,Tour en quad,Tour in quad,1,additinalTypes,,,,,
,SegwayTour,Tour,Segway Tour,Segway-Tour,Tour en segway,Tour in segway,1,additinalTypes,,,,,
,ShipTour,Tour,Boat Trip,Schiffstour,Tour en bateau,Tour in barca,1,additinalTypes,,,,,
,TrainTour,Tour,Train Tour,Zugtour,Tour en train,Tour in treno,1,additinalTypes,,,,,
,ThemeTrail,Tour,Theme Trail,Themenweg,Sentier thématique,Percorso tematico,1,additinalTypes,,,,,
,ViaFerrata,Tour,Via Ferrata,Klettersteig,Via ferrata,Via ferrata,1,additinalTypes,,,,,
,Way,Tour,Way,Weg,Route,Tour,1,additinalTypes,,,,,
,BikeTrail,Tour,Bike trail,Bike Trail,Bike trail,Bike trail,1,additinalTypes,,,,,
,CrossCountry,Tour,Crosscountry slope,Langlaufloipe,Piste de ski de fond,Pista da fondo,1,additinalTypes,,,,,
,HikingTrail,Tour,Hiking trail,Wanderweg,Sentiers de randonnée,Sentiero,1,additinalTypes,,,,,
,NatureTrail,Tour,Nature Trail,Naturlehrpfad,Sentier nature,Sentiero natura,1,additinalTypes,,,,,
,SkiRoute,Tour,Ski routes,Tourenski Route,Ski routes,Ski routes,1,additinalTypes,,,,,
,SkiSlope,Tour,Ski slope,Skipiste,Piste de ski,Pista da sci,1,additinalTypes,,,,,
,SnowshoeTrail,Tour,Snowshoe trail,Schneeschuhwanderweg,Sentier de randonnée en raquettes,Sentiero per ciaspolate,1,additinalTypes,,,,,
,TobogganRun,Tour,Toboggan run,Schlittelpiste,Piste de luge,Pista per slittini,1,additinalTypes,,,,,
,WinterHiking,Tour,Winterhiking trail,Winterwanderweg,Sentier de randonnée hivernale,Sentiero escursionistico invernale,1,additinalTypes,,,,,
,Webcam,Place,Webcam,Webcam,Webcam,Webcam,1,additinalTypes,,,,,
,LiveVideo,Webcam,Live Video,Live-Video,Vidéo en direct,Video in diretta,1,additinalTypes,,,,,
,StaticWebcam,Webcam,Static Webcam,Statische Webcam,Webcam statique,Webcam statica,1,additinalTypes,,,,,
,WebLink,Webcam,WebLink,WebLink,WebLink,WebLink,1,additinalTypes,,,,,
,Product,,Product,Produkt,Produit,Prodotto,1,additinalTypes,,,,,
,Adventure,Product,Adventure,Abenteuer,Aventure,Avventura,1,additinalTypes,,,,,
,ApartmentOffer,Product,Apartment offer,Wohnung Angebot,Appartement offre,Offerta Appartamento,1,additinalTypes,,,,,
,Beverage,Product,Beverage,Getränk,Boisson,Bevanda,1,additinalTypes,,,,,
,CampingPitchOffer,Product,CampingPitch offer,CampingStellplatz Angebot,Offre Emplacement Camping,Offerta Piazzola Campeggio,1,additinalTypes,,,,,
,CityTour,Product,City Tour,Stadtrundfahrt,Visite de la ville,Tour della città,1,additinalTypes,,,,,
,Course,Product,Course,Kurs,Cours,Corso,1,additinalTypes,,,,,
,CrossCountryTicket,Product,Cross-country ski pass,Langlaufpass,Forfait de ski de fond,Skipass per lo sci di fondo,1,additinalTypes,,,,,
,Donation,Product,Donation,Spende,Don,Donazione,1,additinalTypes,,,,,
,EventTicket,Product,Event Ticket,Veranstaltungs-Ticket,Billet d'événement,Biglietto evento,1,additinalTypes,,,,,
,Experience,Product,Experience,Erlebnis,Expérience,Esperienza,1,additinalTypes,,,,,
,Fashion,Product,Fashion,Mode,Mode,Moda,1,additinalTypes,,,,,
,Accessoires,Product,Accessories,Accessoires,Accessoires,Accessoristica,1,additinalTypes,,,,,
,Clothing,Product,Clothing,Kleidung,Vêtement,Abbigliamento,1,additinalTypes,,,,,
,Food,Product,Food,Nahrungsmittel,Aliment,Cibo,1,additinalTypes,,,,,
,GuestCard,Product,Guest Card,Gästekarte,Carte d'hôte,Carta ospiti,1,additinalTypes,,,,,
,IndividualProduct,Product,Individual Product,Individuelles Produkt,Produit individuel,Prodotto individuale,1,additinalTypes,,,,,
,Membership,Product,Membership,Mitgliedschaft,Affiliation,Affiliazione,1,additinalTypes,,,,,
,Merchandise,Product,Merchandise,Merchandiseartikel,Article de marchandise,Articolo di merce,1,additinalTypes,,,,,
,NonFood,Product,Non-Food,Nicht-Lebensmittel,Non alimentaire,Non alimentare,1,additinalTypes,,,,,
,Offer,Product,Offer,Angebot,Offre,Offerta,1,additinalTypes,,,,,
,Package,Product,Package,Package,Package,Package,1,additinalTypes,,,,,
,ProductCollection,Product,Product Collection,Produkt-Kollektion,Collection de produits,Collezione di prodotti,1,additinalTypes,,,,,
,ProductGroup,Product,Product Group,Produktgruppe,Groupe de produits,Gruppo di prodotti,1,additinalTypes,,,,,
,Rental,Product,Rental,Verleih,Location,Noleggio,1,additinalTypes,,,,,
,RoomOffer,Product,Room offer,Zimmer Angebot,Offre de chambre,Offerta camera,1,additinalTypes,,,,,
,DormitoryOffer,Product,Dormitory offer,Mehrbettzimmer Angebot,Offre dortoir,Offerta dormitorio,1,additinalTypes,,,,,
,HotelRoomOffer,Product,Hotelroom offer,Hotelzimmer Angebot,Offre de chambre d'hôtel,Offerta camera d'albergo,1,additinalTypes,,,,,
,DoubleRoomOffer,Product,Doubleroom offer,Doppelzimmer Angebot,Offre chambre double,Offerta camera doppia,1,additinalTypes,,,,,
,FamilyRoomOffer,Product,Familyroom offer,Familienzimmer Angebot,Offre chambre familiale,Offerta camera famiglia,1,additinalTypes,,,,,
,SingleRoomOffer,Product,Singleroom offer,Einzelzimmer Angebot,Offre chambre simple,Offerta Camera Singola,1,additinalTypes,,,,,
,MeetingRoomOffer,Product,Meetingroom offer,Sitzungszimmer Angebot,Offre Salle de réunion,Offerta Meetingroom,1,additinalTypes,,,,,
,StayHelper,Product,Stay,Aufenthalt,Rester,Restare,1,additinalTypes,,,,,
,Services,Product,Services,Dienstleistungen,Services,Servizi,1,additinalTypes,,,,,
,SkiTicket,Product,Ski Ticket,Ski-Ticket,Billet de ski,Skipass,1,additinalTypes,,,,,
,SomeProducts,Product,Some Products,Einige Produkte,Quelques produits,Alcuni prodotti,1,additinalTypes,,,,,
,Sportsgood,Product,Sports Article,Sportartikel,Article de sport,Articolo sportivo,1,additinalTypes,,,,,
,SuiteOffer,Product,Suite offer,Suite Angebot,Suite offre,Suite offerta,1,additinalTypes,,,,,
,TableReservation,Product,Table reservation,Tischreservation,Réservation de table,Prenotazione tavolo,1,additinalTypes,,,,,
,Ticket,Product,Ticket,Fahrkarte,Billet,Biglietto,1,additinalTypes,,,,,
,Transport,Product,Transport,Verkehr,Transport,Trasporto,1,additinalTypes,,,,,
,Vouchers,Product,Vouchers,Gutscheine,Bons,Buoni,1,additinalTypes,,,,,
,Wellness,Product,Wellness,Wellness,Bien-être,Benessere,1,additinalTypes,,,,,
,AmenityFeature,,Amenity feature,Ausstattungsmerkmal,Caractéristique d'agrément,Funzionalità di servizio,0,additinalTypes,,,,,
,LodgingBusinessFeature,AmenityFeature,Lodging business feature,Unterkunftsausstattungsmerkmal,Fonctionnalité d'hébergement,Caratteristica aziendale di alloggio,0,additinalTypes,,,,,
,characteristics,AmenityFeature,Characteristics,Charaktereigenschaften,Caractéristiques,Caratteristiche,0,additinalTypes,,,,,
,entertainment,AmenityFeature,Entertainment and lifestyle,Unterhaltung und Lifestyle,Divertissement et style de vie,Intrattenimento e stile di vita,0,additinalTypes,,,,,
,events,AmenityFeature,Conference and events,Konferenzen und Veranstaltungen,Conférence et événements,Convegni ed eventi,0,additinalTypes,,,,,
,food,AmenityFeature,Food,Essen,Nourriture,Cibo,0,additinalTypes,,,,,
,breakfast,AmenityFeature,Breakfast,Frühstück,Petit déjeuner,Colazione,0,additinalTypes,,,,,
,general,Tag,General,Allgemein,Allgemein,Allgemein,0,additinalTypes,,,,,
,location,AmenityFeature,Location,Standort,Emplacement,Ubicazione,0,additinalTypes,,,,,
,outdoor,AmenityFeature,Outdoor facilities,Aussenanlagen,Aménagements extérieurs,Strutture all'aperto,0,additinalTypes,,,,,
,security,AmenityFeature,Safety and security,Sicherheit und Schutz,Sûreté et sécurité,Sicurezza e protezione,0,additinalTypes,,,,,
,sport,AmenityFeature,Sport and freetime,Sport und Freizeit,Sport et loisirs,Sport e tempo libero,0,additinalTypes,,,,,
,ski,AmenityFeature,Ski,Ski,Ski,Sci,0,additinalTypes,,,,,
,sustainability,AmenityFeature,Sustainability,Nachhaltigkeit,Durabilité,Sostenibilità,0,additinalTypes,,,,,
,wellness,AmenityFeature,Wellness services,Wellness-Dienstleistungen,Services de bien-être,Servizi benessere,0,additinalTypes,,,,,
,AccommodationFeature,AmenityFeature,Accommodation feature,Zimmerausstattungsmerkmal,Caractéristique d'hébergement,Caratteristica dell'alloggio,0,additinalTypes,,,,,
,bathroom,AmenityFeature,Bathroom,Badezimmer,Salle de Bains,Stanza da bagno,0,additinalTypes,,,,,
,bed,AmenityFeature,Bedtype,Bettentyp,Type de lit,Tipo di letto,0,additinalTypes,,,,,
,family,AmenityFeature,Family services,Dienstleistungen für Familien,Services à la famille,Servizi per famiglie,0,additinalTypes,,,,,
,furnishing,AmenityFeature,Furnishing,Ausstattung,Meublant,Arredamento,0,additinalTypes,,,,,
,building,AmenityFeature,Building,Gebäude,Bâtiment,Edificio,0,additinalTypes,,,,,
,media,AmenityFeature,Media,Medien,Média,Media,0,additinalTypes,,,,,
,view,AmenityFeature,Outdoor and view,Aussenbereich und Aussicht,Extérieur et vue,All'aperto e vista,0,additinalTypes,,,,,
,PlaceFeature,AmenityFeature,Place feature,Platzausstattungsmerkmal,Caractéristique du lieu,Caratteristica del luogo,0,additinalTypes,,,,,
,pool,AmenityFeature,Swimming pool,Schwimmbad,Piscine,Piscina,0,additinalTypes,,,,,
,swimming,AmenityFeature,Swimming,Schwimmen,Natation,Nuoto,0,additinalTypes,,,,,
,transport,Tag,Transport,Verkehr,Verkehr,Verkehr,0,additinalTypes,,,,,
,Tag,,Tag,Tag,Tag,Tag,0,additinalTypes,,,,,
,campaign,Tag,Campaign,Kampagne,Kampagne,Kampagne,0,additinalTypes,,,,,
,content,Tag,Content,Inhalt,Inhalt,Inhalt,0,additinalTypes,,,,,
,accessibility,Tag,Accessibility,Zugang,Zugang,Zugang,0,additinalTypes,,,,,
,accesssitios,Tag,Accessibility information Sitios,Informationen zur Zugänglichkeit Sitios,Informationen zur Zugänglichkeit Sitios,Informationen zur Zugänglichkeit Sitios,0,additinalTypes,,,,,
,accesssitioshs,Tag,Accessibility information Sitios HotellerieSuisse,Informationen zur Zugänglichkeit Sitios HotellerieSuisse,Informationen zur Zugänglichkeit Sitios HotellerieSuisse,Informationen zur Zugänglichkeit Sitios HotellerieSuisse,0,additinalTypes,,,,,
,accomodation,Tag,Accomodation,Übernachten,Übernachten,Übernachten,0,additinalTypes,,,,,
,areascope,Tag,Area scope,Bereichsumfang,Bereichsumfang,Bereichsumfang,0,additinalTypes,,,,,
,atmosphere,Tag,Atmosphere,Stimmung,Stimmung,Stimmung,0,additinalTypes,,,,,
,audienceage,Tag,Audience age,Zielgruppe Altersbeschränkung,Zielgruppe Altersbeschränkung,Zielgruppe Altersbeschränkung,0,additinalTypes,,,,,
,audiencegroup,Tag,Audience group,Zielgruppe Hauptgruppe,Zielgruppe Hauptgruppe,Zielgruppe Hauptgruppe,0,additinalTypes,,,,,
,audienceinfo,Tag,Audience information,Zielgruppe zus. Information,Zielgruppe zus. Information,Zielgruppe zus. Information,0,additinalTypes,,,,,
,audienceinformationplaytime,Tag,Audience information playtime,Spielzeiten,Spielzeiten,Spielzeiten,0,additinalTypes,,,,,
,culinary,Tag,Culinary,Kulinarik,Kulinarik,Kulinarik,0,additinalTypes,,,,,
,dance,Tag,Dance,Tanz,Tanz,Tanz,0,additinalTypes,,,,,
,distance,Tag,Distance,Distanz,Distanz,Distanz,0,additinalTypes,,,,,
,duration,Tag,Duration,Ausflugsdauer,Ausflugsdauer,Ausflugsdauer,0,additinalTypes,,,,,
,genre,Tag,Genre,Sorte,Sorte,Sorte,0,additinalTypes,,,,,
,hiking,Tag,Hiking,Wandern,Wandern,Wandern,0,additinalTypes,,,,,
,incentive,Tag,Incentive,Anreiz,Anreiz,Anreiz,0,additinalTypes,,,,,
,languages,Tag,Languages,Sprachen,Sprachen,Sprachen,0,additinalTypes,,,,,
,life,Tag,Life,Leben,Leben,Leben,0,additinalTypes,,,,,
,literature,Tag,Literature,Literatur,Literatur,Literatur,0,additinalTypes,,,,,
,locatedat,Tag,Located,Gelegen,Gelegen,Gelegen,0,additinalTypes,,,,,
,market,Tag,Market type,Markt-Typ,Markt-Typ,Markt-Typ,0,additinalTypes,,,,,
,music,Tag,Music,Musik,Musik,Musik,0,additinalTypes,,,,,
,parking,Tag,Parking,Parkmöglichkeiten,Parkmöglichkeiten,Parkmöglichkeiten,0,additinalTypes,,,,,
,pricerange,Tag,Price range,Preisspanne,Preisspanne,Preisspanne,0,additinalTypes,,,,,
,proposed,Tag,Proposed,Empfohlen,Empfohlen,Empfohlen,0,additinalTypes,,,,,
,reduction,Tag,Reduction,Reduktionen-Rabatte,Reduktionen-Rabatte,Reduktionen-Rabatte,0,additinalTypes,,,,,
,region,Tag,Region,Region,Region,Region,0,additinalTypes,,,,,
,regionalcustoms,Tag,Regional customs,Brauchtum,Brauchtum,Brauchtum,0,additinalTypes,,,,,
,reservation,Tag,Reservation,Reservation,Reservation,Reservation,0,additinalTypes,,,,,
,schooldifficultylevel,Tag,School difficulty level,Schwierigkeitsgrad für Schüler,Schwierigkeitsgrad für Schüler,Schwierigkeitsgrad für Schüler,0,additinalTypes,,,,,
,schoollevel,Tag,School level,Schulniveau,Schulniveau,Schulniveau,0,additinalTypes,,,,,
,schooltripcategory,Tag,School trip category,Kategorie für Schulreisen,Kategorie für Schulreisen,Kategorie für Schulreisen,0,additinalTypes,,,,,
,seasonality,Tag,Seasonality,Saisonalität,Saisonalität,Saisonalität,0,additinalTypes,,,,,
,swissness,Tag,Swissness,Swissness,Swissness,Swissness,0,additinalTypes,,,,,
,tourismregion,Tag,Tourism region,Tourismusregion,Tourismusregion,Tourismusregion,0,additinalTypes,,,,,
,tourismzone,Tag,Tourism zone,Tourismuszone,Tourismuszone,Tourismuszone,0,additinalTypes,,,,,
,trail,Tag,Trail,Wanderrouten Eigenschaften,Wanderrouten Eigenschaften,Wanderrouten Eigenschaften,0,additinalTypes,,,,,
,weatherconditions,Tag,Weather conditions,Wetterverhältnisse,Wetterverhältnisse,Wetterverhältnisse,0,additinalTypes,,,,,
,weekdays,Tag,Weekdays,Wochentage,Wochentage,Wochentage,0,additinalTypes,,,,,
,image,Tag,Image,Image,Image,Image,0,additinalTypes,,,,,
,imageamenity,Tag,Image Amenity,Bild Zimmerausstattung,Bild Zimmerausstattung,Bild Zimmerausstattung,0,additinalTypes,,,,,
,imageentertainment,Tag,Image Entertainment,Bild Unterhaltung,Bild Unterhaltung,Bild Unterhaltung,0,additinalTypes,,,,,
,imageevent,Tag,Image Event,Bild Veranstaltungen,Bild Veranstaltungen,Bild Veranstaltungen,0,additinalTypes,,,,,
,imagefood,Tag,Image Food,Bild Verpflegung,Bild Verpflegung,Bild Verpflegung,0,additinalTypes,,,,,
,imageindoor,Tag,Image Indoor,Bild Innenbereich,Bild Innenbereich,Bild Innenbereich,0,additinalTypes,,,,,
,imageoutdoor,Tag,Image Outdoor,Bild Aussenbereich,Bild Aussenbereich,Bild Aussenbereich,0,additinalTypes,,,,,
,imagesaisonality,Tag,Image Saisonality,Bild Saisonalität,Bild Saisonalität,Bild Saisonalität,0,additinalTypes,,,,,
,imagesport,Tag,Image Sport,Bild Sportaktivitäten,Bild Sportaktivitäten,Bild Sportaktivitäten,0,additinalTypes,,,,,
,imagewellness,Tag,Image wellness area,Bild Wellness Bereich,Bild Wellness Bereich,Bild Wellness Bereich,0,additinalTypes,,,,,
,profile,Tag,Profile,Profil,Profil,Profil,0,additinalTypes,,,,,